<?xml version="1.0" encoding="UTF-8"?>
<export version="D">
  <design>
    <source>C:\Users\paulo\Documents\uM\2019_20\esrg\Project_1\3_design\pcb\project1_pcb\project1_pcb.sch</source>
    <date>30/12/2019 19:28:42</date>
    <tool>Eeschema (5.1.4)-1</tool>
    <sheet number="1" name="/" tstamps="/">
      <title_block>
        <title>AirQuaM</title>
        <company>Uminho</company>
        <rev>1</rev>
        <date>2019-11-01</date>
        <source>project1_pcb.sch</source>
        <comment number="1" value="Embedded Systems"/>
        <comment number="2" value="Project 1"/>
        <comment number="3" value=""/>
        <comment number="4" value=""/>
      </title_block>
    </sheet>
  </design>
  <components>
    <comp ref="U3">
      <value>HDC1080_CCS811-module</value>
      <footprint>project1_pcb_footprints:HDC1080_CCS811-module</footprint>
      <libsource lib="project1_modules" part="HDC1080_CCS811-module" description=""/>
      <sheetpath names="/" tstamps="/"/>
      <tstamp>5DB99E84</tstamp>
    </comp>
    <comp ref="U6">
      <value>MICS_4514-module</value>
      <footprint>project1_pcb_footprints:MICS_4514-module</footprint>
      <libsource lib="project1_modules" part="MICS_4514-module" description=""/>
      <sheetpath names="/" tstamps="/"/>
      <tstamp>5DC17560</tstamp>
    </comp>
    <comp ref="J1">
      <value>STM32F707ZI_NUCLEO144-CN11(+14)</value>
      <footprint>Connector_IDC:IDC-Header_2x20_P2.54mm_Vertical</footprint>
      <libsource lib="project1_modules" part="STM32F707ZI_NUCLEO144-CN11(+14)" description=""/>
      <sheetpath names="/" tstamps="/"/>
      <tstamp>5DC816E8</tstamp>
    </comp>
    <comp ref="JP1">
      <value>Jumper</value>
      <footprint>Connector_PinHeader_2.54mm:PinHeader_1x02_P2.54mm_Vertical</footprint>
      <datasheet>~</datasheet>
      <libsource lib="Device" part="Jumper" description="Jumper, normally closed"/>
      <sheetpath names="/" tstamps="/"/>
      <tstamp>5DC85CDC</tstamp>
    </comp>
    <comp ref="BT1">
      <value>Battery_Cell</value>
      <footprint>Battery:BatteryHolder_Keystone_103_1x20mm</footprint>
      <datasheet>~</datasheet>
      <libsource lib="Device" part="Battery_Cell" description="Single-cell battery"/>
      <sheetpath names="/" tstamps="/"/>
      <tstamp>5DC19E62</tstamp>
    </comp>
    <comp ref="U5">
      <value>OLED_SSD1306-moldule</value>
      <footprint>Connector_PinSocket_2.54mm:PinSocket_1x07_P2.54mm_Horizontal</footprint>
      <libsource lib="project1_modules" part="OLED_SSD1306-moldule" description=""/>
      <sheetpath names="/" tstamps="/"/>
      <tstamp>5DC19292</tstamp>
    </comp>
    <comp ref="U2">
      <value>NEO_M8_GPS-module</value>
      <footprint>project1_pcb_footprints:NEO_M8-module</footprint>
      <libsource lib="project1_modules" part="NEO_M8_GPS-module" description=""/>
      <sheetpath names="/" tstamps="/"/>
      <tstamp>5DC1870C</tstamp>
    </comp>
    <comp ref="U4">
      <value>ESP8266-01-module</value>
      <footprint>project1_pcb_footprints:ESP8266-01-module</footprint>
      <libsource lib="project1_modules" part="ESP8266-01-module" description=""/>
      <sheetpath names="/" tstamps="/"/>
      <tstamp>5DC16C22</tstamp>
    </comp>
    <comp ref="U1">
      <value>SD_CARD-module</value>
      <footprint>project1_pcb_footprints:SD_CARD-module</footprint>
      <libsource lib="project1_modules" part="SD_CARD-module" description=""/>
      <sheetpath names="/" tstamps="/"/>
      <tstamp>5DD81125</tstamp>
    </comp>
    <comp ref="C2">
      <value>C</value>
      <footprint>Capacitor_THT:C_Rect_L7.0mm_W2.5mm_P5.00mm</footprint>
      <datasheet>~</datasheet>
      <libsource lib="pspice" part="C" description="Capacitor symbol for simulation only"/>
      <sheetpath names="/" tstamps="/"/>
      <tstamp>5DC99478</tstamp>
    </comp>
    <comp ref="C1">
      <value>C</value>
      <footprint>Capacitor_THT:C_Rect_L7.0mm_W2.5mm_P5.00mm</footprint>
      <datasheet>~</datasheet>
      <libsource lib="pspice" part="C" description="Capacitor symbol for simulation only"/>
      <sheetpath names="/" tstamps="/"/>
      <tstamp>5DC9A765</tstamp>
    </comp>
    <comp ref="R1">
      <value>100K</value>
      <footprint>Resistor_THT:R_Axial_DIN0204_L3.6mm_D1.6mm_P7.62mm_Horizontal</footprint>
      <datasheet>~</datasheet>
      <libsource lib="Device" part="R" description="Resistor"/>
      <sheetpath names="/" tstamps="/"/>
      <tstamp>5DC4DFBE</tstamp>
    </comp>
    <comp ref="R2">
      <value>100K</value>
      <footprint>Resistor_THT:R_Axial_DIN0204_L3.6mm_D1.6mm_P7.62mm_Horizontal</footprint>
      <datasheet>~</datasheet>
      <libsource lib="Device" part="R" description="Resistor"/>
      <sheetpath names="/" tstamps="/"/>
      <tstamp>5DC4EC1B</tstamp>
    </comp>
  </components>
  <libparts>
    <libpart lib="Device" part="Battery_Cell">
      <description>Single-cell battery</description>
      <docs>~</docs>
      <fields>
        <field name="Reference">BT</field>
        <field name="Value">Battery_Cell</field>
      </fields>
      <pins>
        <pin num="1" name="+" type="passive"/>
        <pin num="2" name="-" type="passive"/>
      </pins>
    </libpart>
    <libpart lib="Device" part="Jumper">
      <description>Jumper, normally closed</description>
      <docs>~</docs>
      <footprints>
        <fp>SolderJumper*</fp>
      </footprints>
      <fields>
        <field name="Reference">JP</field>
        <field name="Value">Jumper</field>
      </fields>
      <pins>
        <pin num="1" name="1" type="passive"/>
        <pin num="2" name="2" type="passive"/>
      </pins>
    </libpart>
    <libpart lib="Device" part="R">
      <description>Resistor</description>
      <docs>~</docs>
      <footprints>
        <fp>R_*</fp>
      </footprints>
      <fields>
        <field name="Reference">R</field>
        <field name="Value">R</field>
      </fields>
      <pins>
        <pin num="1" name="~" type="passive"/>
        <pin num="2" name="~" type="passive"/>
      </pins>
    </libpart>
    <libpart lib="project1_modules" part="ESP8266-01-module">
      <fields>
        <field name="Reference">U</field>
        <field name="Value">ESP8266-01-module</field>
        <field name="Footprint">project1_pcb_footprints:ESP8266-01-module</field>
      </fields>
      <pins>
        <pin num="1" name="GND" type="power_in"/>
        <pin num="2" name="TX" type="output"/>
        <pin num="3" name="GPIO2" type="BiDi"/>
        <pin num="4" name="CH_PD" type="input"/>
        <pin num="5" name="GPIO0" type="BiDi"/>
        <pin num="6" name="RST" type="input"/>
        <pin num="7" name="RX" type="input"/>
        <pin num="8" name="VCC" type="power_in"/>
      </pins>
    </libpart>
    <libpart lib="project1_modules" part="HDC1080_CCS811-module">
      <fields>
        <field name="Reference">U</field>
        <field name="Value">HDC1080_CCS811-module</field>
        <field name="Footprint">project1_pcb_footprints:HDC1080_CCS811-module</field>
      </fields>
      <pins>
        <pin num="1" name="VCC" type="power_in"/>
        <pin num="2" name="GND" type="power_in"/>
        <pin num="3" name="SCL" type="input"/>
        <pin num="4" name="SDA" type="input"/>
        <pin num="5" name="WAKE" type="input"/>
        <pin num="6" name="INT" type="output"/>
        <pin num="7" name="RST" type="input"/>
        <pin num="8" name="ADDR" type="input"/>
      </pins>
    </libpart>
    <libpart lib="project1_modules" part="MICS_4514-module">
      <fields>
        <field name="Reference">U</field>
        <field name="Value">MICS_4514-module</field>
        <field name="Footprint">project1_pcb_footprints:MICS_4514-module</field>
      </fields>
      <pins>
        <pin num="1" name="VCC" type="power_in"/>
        <pin num="2" name="GND" type="power_in"/>
        <pin num="3" name="RED" type="output"/>
        <pin num="4" name="NOX" type="output"/>
        <pin num="5" name="PRE" type="input"/>
      </pins>
    </libpart>
    <libpart lib="project1_modules" part="NEO_M8_GPS-module">
      <fields>
        <field name="Reference">U</field>
        <field name="Value">NEO_M8_GPS-module</field>
        <field name="Footprint">project1_pcb_footprints:NEO_M8-module</field>
      </fields>
      <pins>
        <pin num="1" name="PPS" type="output"/>
        <pin num="2" name="RXD" type="input"/>
        <pin num="3" name="TXD" type="output"/>
        <pin num="4" name="GND" type="power_in"/>
        <pin num="5" name="VCC" type="power_in"/>
      </pins>
    </libpart>
    <libpart lib="project1_modules" part="OLED_SSD1306-moldule">
      <fields>
        <field name="Reference">U</field>
        <field name="Value">OLED_SSD1306-moldule</field>
        <field name="Footprint">Connector_PinSocket_2.54mm:PinSocket_1x07_P2.54mm_Horizontal</field>
      </fields>
      <pins>
        <pin num="1" name="GND" type="power_in"/>
        <pin num="2" name="VCC" type="power_in"/>
        <pin num="3" name="D0(SCLK)[SCL]" type="input"/>
        <pin num="4" name="D1(MOSI)[SDA]" type="input"/>
        <pin num="5" name="RST" type="input"/>
        <pin num="6" name="D/C#(D/C#)[ADDR]" type="input"/>
        <pin num="7" name="CS" type="input"/>
      </pins>
    </libpart>
    <libpart lib="project1_modules" part="SD_CARD-module">
      <fields>
        <field name="Reference">U</field>
        <field name="Value">SD_CARD-module</field>
        <field name="Footprint">Connector_PinSocket_2.54mm:PinSocket_1x06_P2.54mm_Vertical</field>
      </fields>
      <pins>
        <pin num="1" name="GND" type="power_in"/>
        <pin num="2" name="VCC" type="power_in"/>
        <pin num="3" name="MISO" type="output"/>
        <pin num="4" name="MOSI" type="input"/>
        <pin num="5" name="SCK" type="input"/>
        <pin num="6" name="CS" type="input"/>
      </pins>
    </libpart>
    <libpart lib="project1_modules" part="STM32F707ZI_NUCLEO144-CN11(+14)">
      <fields>
        <field name="Reference">U</field>
        <field name="Value">STM32F707ZI_NUCLEO144-CN11(+14)</field>
        <field name="Footprint">Connector_IDC:IDC-Header_2x20_P2.54mm_Vertical</field>
      </fields>
      <pins>
        <pin num="1" name="PA14" type="passive"/>
        <pin num="2" name="3V3" type="passive"/>
        <pin num="3" name="PA15" type="passive"/>
        <pin num="4" name="5V" type="passive"/>
        <pin num="5" name="GND" type="passive"/>
        <pin num="6" name="GND" type="passive"/>
        <pin num="7" name="PB7" type="passive"/>
        <pin num="8" name="GND" type="passive"/>
        <pin num="9" name="PC13" type="passive"/>
        <pin num="10" name="VIN" type="passive"/>
        <pin num="11" name="NC" type="passive"/>
        <pin num="12" name="NC" type="passive"/>
        <pin num="13" name="NC" type="passive"/>
        <pin num="14" name="PA0" type="passive"/>
        <pin num="15" name="NC" type="passive"/>
        <pin num="16" name="PA1" type="passive"/>
        <pin num="17" name="PH1" type="passive"/>
        <pin num="18" name="PA4" type="passive"/>
        <pin num="19" name="VBAT" type="passive"/>
        <pin num="20" name="PB0" type="passive"/>
        <pin num="21" name="PC2" type="passive"/>
        <pin num="22" name="PC1" type="passive"/>
        <pin num="23" name="PC3" type="passive"/>
        <pin num="24" name="PC0" type="passive"/>
        <pin num="25" name="PD4" type="passive"/>
        <pin num="26" name="PD3" type="passive"/>
        <pin num="27" name="PD5" type="passive"/>
        <pin num="28" name="PG2" type="passive"/>
        <pin num="29" name="PD6" type="passive"/>
        <pin num="30" name="PG3" type="passive"/>
        <pin num="31" name="PD7" type="passive"/>
        <pin num="32" name="PE2" type="passive"/>
        <pin num="33" name="PE3" type="passive"/>
        <pin num="34" name="PE4" type="passive"/>
        <pin num="35" name="GND" type="passive"/>
        <pin num="36" name="PE5" type="passive"/>
        <pin num="37" name="PF1" type="passive"/>
        <pin num="38" name="PF2" type="passive"/>
        <pin num="39" name="PF0" type="passive"/>
        <pin num="40" name="PF8" type="passive"/>
      </pins>
    </libpart>
    <libpart lib="pspice" part="CAP">
      <aliases>
        <alias>C</alias>
      </aliases>
      <description>Capacitor symbol for simulation only</description>
      <docs>~</docs>
      <fields>
        <field name="Reference">C</field>
        <field name="Value">CAP</field>
      </fields>
      <pins>
        <pin num="1" name="~" type="passive"/>
        <pin num="2" name="~" type="passive"/>
      </pins>
    </libpart>
  </libparts>
  <libraries>
    <library logical="Device">
      <uri>C:\Program Files\KiCad\share\kicad\library/Device.lib</uri>
    </library>
    <library logical="project1_modules">
      <uri>C:\Users\paulo\Documents\uM\2019_20\esrg\Project_1\3_design\pcb\project1_pcb/project1_modules.lib</uri>
    </library>
    <library logical="pspice">
      <uri>C:\Program Files\KiCad\share\kicad\library/pspice.lib</uri>
    </library>
  </libraries>
  <nets>
    <net code="1" name="GND">
      <node ref="R2" pin="2"/>
      <node ref="U1" pin="1"/>
      <node ref="C2" pin="2"/>
      <node ref="C1" pin="2"/>
      <node ref="BT1" pin="2"/>
      <node ref="J1" pin="8"/>
      <node ref="U3" pin="8"/>
      <node ref="U6" pin="2"/>
      <node ref="J1" pin="5"/>
      <node ref="U3" pin="2"/>
      <node ref="U3" pin="2"/>
      <node ref="J1" pin="6"/>
      <node ref="U1" pin="6"/>
      <node ref="U4" pin="1"/>
      <node ref="U5" pin="7"/>
      <node ref="U5" pin="6"/>
      <node ref="U5" pin="1"/>
      <node ref="U2" pin="4"/>
    </net>
    <net code="2" name="+3V3">
      <node ref="U4" pin="8"/>
      <node ref="J1" pin="2"/>
      <node ref="U4" pin="4"/>
      <node ref="U2" pin="5"/>
      <node ref="U5" pin="2"/>
      <node ref="U3" pin="1"/>
      <node ref="C1" pin="1"/>
      <node ref="U3" pin="1"/>
    </net>
    <net code="3" name="/USART2_RX">
      <node ref="U2" pin="3"/>
      <node ref="J1" pin="29"/>
    </net>
    <net code="4" name="/USART2_TX">
      <node ref="J1" pin="27"/>
      <node ref="U2" pin="2"/>
    </net>
    <net code="5" name="Net-(U4-Pad6)">
      <node ref="U4" pin="6"/>
    </net>
    <net code="6" name="Net-(U4-Pad5)">
      <node ref="U4" pin="5"/>
    </net>
    <net code="7" name="Net-(U4-Pad3)">
      <node ref="U4" pin="3"/>
    </net>
    <net code="8" name="Net-(U2-Pad1)">
      <node ref="U2" pin="1"/>
    </net>
    <net code="9" name="Net-(J1-Pad35)">
      <node ref="J1" pin="35"/>
    </net>
    <net code="10" name="Net-(J1-Pad10)">
      <node ref="J1" pin="10"/>
    </net>
    <net code="11" name="Net-(J1-Pad12)">
      <node ref="J1" pin="12"/>
    </net>
    <net code="12" name="Net-(J1-Pad18)">
      <node ref="J1" pin="18"/>
    </net>
    <net code="13" name="Net-(J1-Pad20)">
      <node ref="J1" pin="20"/>
    </net>
    <net code="14" name="Net-(J1-Pad32)">
      <node ref="J1" pin="32"/>
    </net>
    <net code="15" name="Net-(J1-Pad34)">
      <node ref="J1" pin="34"/>
    </net>
    <net code="16" name="Net-(J1-Pad36)">
      <node ref="J1" pin="36"/>
    </net>
    <net code="17" name="Net-(J1-Pad40)">
      <node ref="J1" pin="40"/>
    </net>
    <net code="18" name="Net-(J1-Pad31)">
      <node ref="J1" pin="31"/>
    </net>
    <net code="19" name="Net-(J1-Pad25)">
      <node ref="J1" pin="25"/>
    </net>
    <net code="20" name="Net-(J1-Pad17)">
      <node ref="J1" pin="17"/>
    </net>
    <net code="21" name="Net-(J1-Pad15)">
      <node ref="J1" pin="15"/>
    </net>
    <net code="22" name="Net-(J1-Pad13)">
      <node ref="J1" pin="13"/>
    </net>
    <net code="23" name="Net-(J1-Pad11)">
      <node ref="J1" pin="11"/>
    </net>
    <net code="24" name="Net-(J1-Pad9)">
      <node ref="J1" pin="9"/>
    </net>
    <net code="25" name="Net-(J1-Pad3)">
      <node ref="J1" pin="3"/>
    </net>
    <net code="26" name="/OLED_RST">
      <node ref="J1" pin="33"/>
      <node ref="U5" pin="5"/>
    </net>
    <net code="27" name="/USART4_TX">
      <node ref="J1" pin="14"/>
      <node ref="U4" pin="7"/>
    </net>
    <net code="28" name="/USART4_RX">
      <node ref="U4" pin="2"/>
      <node ref="J1" pin="16"/>
    </net>
    <net code="29" name="/I2C_SDA">
      <node ref="U5" pin="4"/>
      <node ref="U3" pin="4"/>
      <node ref="U3" pin="4"/>
      <node ref="J1" pin="39"/>
    </net>
    <net code="30" name="/I2C_SCL">
      <node ref="U3" pin="3"/>
      <node ref="U3" pin="3"/>
      <node ref="U5" pin="3"/>
      <node ref="J1" pin="37"/>
    </net>
    <net code="31" name="+5V">
      <node ref="U1" pin="2"/>
      <node ref="C2" pin="1"/>
      <node ref="U6" pin="1"/>
      <node ref="J1" pin="4"/>
    </net>
    <net code="32" name="/MICS_NOX">
      <node ref="R1" pin="2"/>
      <node ref="J1" pin="24"/>
      <node ref="R2" pin="1"/>
    </net>
    <net code="33" name="Net-(R1-Pad1)">
      <node ref="R1" pin="1"/>
      <node ref="U6" pin="4"/>
    </net>
    <net code="34" name="/SPI_MOSI">
      <node ref="J1" pin="23"/>
      <node ref="U1" pin="4"/>
    </net>
    <net code="35" name="/SPI_SCK">
      <node ref="U1" pin="5"/>
      <node ref="J1" pin="26"/>
    </net>
    <net code="36" name="/SPI_MISO">
      <node ref="J1" pin="21"/>
      <node ref="U1" pin="3"/>
    </net>
    <net code="37" name="Net-(J1-Pad1)">
      <node ref="J1" pin="1"/>
    </net>
    <net code="38" name="Net-(J1-Pad19)">
      <node ref="J1" pin="19"/>
      <node ref="JP1" pin="2"/>
    </net>
    <net code="39" name="Net-(BT1-Pad1)">
      <node ref="BT1" pin="1"/>
      <node ref="JP1" pin="1"/>
    </net>
    <net code="40" name="/MOX_RST">
      <node ref="J1" pin="38"/>
      <node ref="U3" pin="7"/>
    </net>
    <net code="41" name="/MOX_WAKE">
      <node ref="J1" pin="30"/>
      <node ref="U3" pin="5"/>
    </net>
    <net code="42" name="/MICS_PRE">
      <node ref="U6" pin="5"/>
      <node ref="J1" pin="7"/>
    </net>
    <net code="43" name="/MICS_RED">
      <node ref="U6" pin="3"/>
      <node ref="J1" pin="22"/>
    </net>
    <net code="44" name="/MOX_INT">
      <node ref="U3" pin="6"/>
      <node ref="J1" pin="28"/>
    </net>
  </nets>
</export>
